{
	"credit": "Made with Blockbench",
	"parent": "block/block",
	"textures": {
		"1": "block/lantern",
		"particle": "block/chain"
	},
	"elements": [
		{
			"from": [6.5, 11, 8],
			"to": [9.5, 15, 8],
			"shade": false,
			"rotation": {"angle": 45, "axis": "y", "origin": [8, 8, 8]},
			"faces": {
				"north": {"uv": [11, 1, 14, 5], "texture": "#1"},
				"east": {"uv": [0, 0, 0, 0], "texture": "#1"},
				"south": {"uv": [11, 1, 14, 5], "texture": "#1"},
				"west": {"uv": [0, 0, 0, 0], "texture": "#1"},
				"up": {"uv": [0, 0, 0, 0], "texture": "#1"},
				"down": {"uv": [0, 0, 0, 0], "texture": "#1"}
			}
		},
		{
			"from": [8, 10, 6.5],
			"to": [8, 16, 9.5],
			"shade": false,
			"rotation": {"angle": 45, "axis": "y", "origin": [8, 8, 8]},
			"faces": {
				"north": {"uv": [0, 0, 0, 0], "texture": "#1"},
				"east": {"uv": [11, 6, 14, 12], "texture": "#1"},
				"south": {"uv": [0, 0, 0, 0], "texture": "#1"},
				"west": {"uv": [11, 6, 14, 12], "texture": "#1"},
				"up": {"uv": [0, 0, 0, 0], "texture": "#1"},
				"down": {"uv": [0, 0, 0, 0], "texture": "#1"}
			}
		},
		{
			"from": [4, 1, 4],
			"to": [12, 9, 12],
			"rotation": {"angle": 0, "axis": "y", "origin": [8, 9, 8]},
			"faces": {
				"north": {"uv": [4, 8, 8, 16], "texture": "#2"},
				"east": {"uv": [0, 8, 4, 16], "texture": "#2"},
				"south": {"uv": [12, 8, 16, 16], "texture": "#2"},
				"west": {"uv": [8, 8, 12, 16], "texture": "#2"},
				"up": {"uv": [4, 0, 8, 8], "texture": "#2"},
				"down": {"uv": [8, 0, 12, 8], "texture": "#2", "cullface": "down"}
			}
		},
		{
			"from": [6, 9, 6],
			"to": [10, 10, 10],
			"rotation": {"angle": 0, "axis": "y", "origin": [8, 9, 8]},
			"faces": {
				"north": {"uv": [1, 0, 5, 1], "texture": "#1"},
				"east": {"uv": [1, 0, 5, 1], "texture": "#1"},
				"south": {"uv": [1, 0, 5, 1], "texture": "#1"},
				"west": {"uv": [1, 0, 5, 1], "texture": "#1"},
				"up": {"uv": [1, 10, 5, 14], "texture": "#1"},
				"down": {"uv": [0, 0, 0, 0], "texture": "#1"}
			}
		}
	],
	"display": {
		"thirdperson_righthand": {
			"rotation": [74, 0, 0],
			"translation": [0.75, -2, -1.5],
			"scale": [0.7, 0.7, 0.7]
		},
		"thirdperson_lefthand": {
			"rotation": [74, 0, 0],
			"translation": [0.75, -2, -1.5],
			"scale": [0.7, 0.7, 0.7]
		},
		"firstperson_righthand": {
			"rotation": [0, 115, 0],
			"translation": [1.5, 0.75, -4]
		},
		"firstperson_lefthand": {
			"rotation": [0, 115, 0],
			"translation": [1.5, 0.75, -4]
		},
		"ground": {
			"translation": [0, 4, 0],
			"scale": [0.5, 0.5, 0.5]
		},
		"gui": {
			"rotation": [45, 135, 0],
			"translation": [0, 3.25, 0]
		},
		"head": {
			"translation": [0, 7.75, 0],
			"scale": [1.75, 1.75, 1.72]
		},
		"fixed": {
			"translation": [0, 4.25, 0]
		}
	},
	"groups": [0, 1,
		{
			"name": "VoxelShapes",
			"origin": [8, 8, 8],
			"children": [2, 3]
		}
	]
}